lead_id,created,name,email,company,employees,website,title,source,monthly_budget,notes
U-01,2024-06-12,Amara,amara@medstack.com,MedStack,32,,Head of Clinical Ops,referral,$28k/mo,"We're a healthcare software company in Lagos, Nigeria. Reconciling patient records across three systems is eating our week. Want it automated end to end. Budget approved at $28k/mo, ready to pilot in 2 weeks. I make the call here."
U-02,2024-06-12,Tom,tom@brightsmiles.com,BrightSmiles,8,,Practice Manager,webform,,"Dental practice in Manchester, UK. Appointment reminders take admin time. Not sure what we need yet, just exploring."
U-03,2024-06-12,Diego,diego@vinelogistics.com,VineLogistics,120,,COO,event,$60k/mo,"Freight brokerage in Mexico City. Customs paperwork is eating our week. Budget signed off at $60k/mo, want to move this month. I decide here."
U-04,2024-06-12,Fen,fen@luxeboutique.com,LuxeBoutique,4,,Owner,cold reply,$800,"Small fashion boutique in Singapore. Would like a chatbot, budget around $800/mo. Price sensitive."
U-05,2024-06-12,Ada,ada@carecloud.com,CareCloud,45,,Founder,linkedin,,"Nigerian health-tech startup. Patient intake forms are eating our week. Want it automated end to end, keen to move fast. Budget not locked yet."
U-06,2024-06-12,Ravi,ravi@nimbushealth.com,NimbusHealth,210,,VP Operations,referral,$95k/mo,"Hospital network in Bangalore, India. Discharge summaries are eating our week. Budget approved at $95k/mo. Want to start within 2 weeks."
U-07,2024-06-12,Sara,sara@greenleaf.com,GreenLeaf,12,,Owner,webform,"$3,000","Organic grocery chain in Nairobi, Kenya. Interested in automating supplier orders. Comparing a few options."
U-08,2024-06-12,Marcus,marcus@dataforge.com,DataForge,67,,CTO,linkedin,$22k,"B2B SaaS analytics company in Berlin, Germany. Onboarding new customers manually is eating our week. Budget approved. Ready to pilot in 2 weeks."
U-09,2024-06-12,Chen,chen@pacificfreight.com,PacificFreight,300,,Director of Ops,event,$40k-60k,Shipping company in Singapore. Container tracking is manual and painful. Budget between $40-60k/mo. Decision in about a month.
U-10,2024-06-12,Leila,leila@clinicasur.com,ClinicaSur,25,,Practice Owner,referral,$15k/mo,"Private clinic group in Buenos Aires, Argentina. Insurance claims processing is eating our week. Budget approved at $15k/mo. I make the call."
U-11,2024-06-12,Jonas,jonas@buildright.com,BuildRight,150,,Head of IT,cold reply,,"Construction firm in Oslo, Norway. Site reporting is manual. Just researching for now."
U-12,2024-06-12,Priya,priya@meditrack.com,MediTrack,18,,Founder,linkedin,$12k/mo,"Healthcare compliance startup in Mumbai, India. Audit trail generation is eating our week. Want it automated end to end. Budget approved, moving in 2 weeks."
U-13,2024-06-12,Omar,omar@swiftcargo.com,SwiftCargo,85,,Logistics Manager,webform,$35k/mo,"Logistics company in Dubai, UAE. Route planning is manual. Budget approved at $35k/mo, want to move fast."
U-14,2024-06-12,Elena,elena@vitapharm.com,VitaPharm,400,,COO,event,$120k/mo,"Pharmaceutical distributor in Madrid, Spain. Batch tracking is eating our week. Budget signed off. Ready to start this month."
U-15,2024-06-12,Kwame,kwame@agrilink.com,AgriLink,30,,Founder,referral,$5k/mo,"Agricultural marketplace in Accra, Ghana. Farmer onboarding is manual. Budget around $5k/mo. Comparing options."
U-16,2024-06-12,Yuki,yuki@zenclinic.com,ZenClinic,14,,Director,linkedin,,"Wellness clinic in Tokyo, Japan. Booking management takes time. Curious about options, no budget set."
U-17,2024-06-12,Hassan,hassan@portlogix.com,PortLogix,95,,VP Supply Chain,event,$50k/mo,"Port logistics operator in Alexandria, Egypt. Customs clearance is eating our week. Budget approved at $50k/mo. I decide here, moving in 2 weeks."
U-18,2024-06-12,Nina,nina@studyhub.com,StudyHub,6,,Student,webform,,"CS student in Warsaw, Poland. Writing a thesis on automation, would love free resources. Not looking to buy."
U-19,2024-06-12,Carlos,carlos@healthbridge.com,HealthBridge,55,,Chief Medical Officer,referral,$45k/mo,"Telemedicine provider in Bogota, Colombia. Patient triage is eating our week. Want it automated end to end. Budget approved, pilot in 2 weeks."
U-20,2024-06-12,Anja,anja@freightwise.com,FreightWise,175,,Head of Ops,linkedin,$70k/mo,"Freight forwarder in Rotterdam, Netherlands. Customs documentation is eating our week. Budget approved at $70k/mo. Ready to move this month."
